{"cameraMode":{"drawMode":0,"name":"Shaded","section":"Shading Mode"},"sceneLighting":true,"audioPlay":false,"sceneViewState":{"m_AlwaysRefresh":false,"showFog":true,"showSkybox":true,"showFlares":true,"showImageEffects":true,"showParticleSystems":true,"showVisualEffectGraphs":true,"m_FxEnabled":true},"in2DMode":false,"pivot":{"x":10.624813079833985,"y":31.578781127929689,"z":30.27886199951172},"rotation":{"x":-0.10840784758329392,"y":0.8502327799797058,"z":-0.47760826349258425,"w":-0.19298721849918366},"size":38.946048736572269,"orthographic":false}